
INSERT INTO Language (id, language, countryCode) VALUES (1,"pt","BR");
INSERT INTO Language (id, language, countryCode) VALUES (2,"en","US");

INSERT INTO Room (id, coverImageSrc, mapIdentification) VALUES (1, 'room_thumbnail_rodadagua', 'rodaDagua');
INSERT INTO Room (id, coverImageSrc, mapIdentification) VALUES (2, 'room_thumbnail_carrocaocarroboi', 'carrocaoCarroBoi');
INSERT INTO Room (id, coverImageSrc, mapIdentification) VALUES (3, 'room_thumbnail_exposicoes', 'exposicoesHall');
INSERT INTO Room (id, coverImageSrc, mapIdentification) VALUES (4, 'room_thumbnail_historiausina', 'historiaUsina');
INSERT INTO Room (id, coverImageSrc, mapIdentification) VALUES (5, 'room_thumbnail_prensafumo', 'prensaFumo');
INSERT INTO Room (id, coverImageSrc, mapIdentification) VALUES (6, 'room_thumbnail_moendamadeira', 'moendaMadeira');
INSERT INTO Room (id, coverImageSrc, mapIdentification) VALUES (7, 'room_thumbnail_enterramento', 'enterramento');
INSERT INTO Room (id, coverImageSrc, mapIdentification) VALUES (8, 'room_thumbnail_moendapedra', 'moendaPedra');
INSERT INTO Room (id, coverImageSrc, mapIdentification) VALUES (9, 'room_thumbnail_arrado', 'arrado');
INSERT INTO Room (id, coverImageSrc, mapIdentification) VALUES (10, 'room_thumbnail_caminhao', 'caminhao');
INSERT INTO Room (id, coverImageSrc, mapIdentification) VALUES (11, 'room_thumbnail_evolucao', 'evolucao');
INSERT INTO Room (id, coverImageSrc, mapIdentification) VALUES (12, 'room_thumbnail_espacoartes', 'espacoArtes');
INSERT INTO Room (id, coverImageSrc, mapIdentification) VALUES (13, 'room_thumbnail_turbina', 'turbina');
INSERT INTO Room (id, coverImageSrc, mapIdentification) VALUES (14, 'room_thumbnail_maqueterelevoregiao', 'maqueteRelevoRegiao');
INSERT INTO Room (id, coverImageSrc, mapIdentification) VALUES (15, 'room_thumbnail_maiormaquetemundo', 'maiorMaqueteMundo');
INSERT INTO Room (id, coverImageSrc, mapIdentification) VALUES (16, 'room_thumbnail_exposicaotemporaria', 'exposicaoTemporaria');
INSERT INTO Room (id, coverImageSrc, mapIdentification) VALUES (17, 'room_thumbnail_colecoes', 'colecoes');

INSERT INTO NonClickableRoom (id, mapIdentification, name, idLanguage) VALUES (1, 'flecha', 'Entrada por aqui', 1);
INSERT INTO NonClickableRoom (id, mapIdentification, name, idLanguage) VALUES (2, 'flecha', 'Entrance over here', 2);
INSERT INTO NonClickableRoom (id, mapIdentification, name, idLanguage) VALUES (3, 'copa', 'Copa', 1);
INSERT INTO NonClickableRoom (id, mapIdentification, name, idLanguage) VALUES (4, 'copa', 'Pantry', 2);
INSERT INTO NonClickableRoom (id, mapIdentification, name, idLanguage) VALUES (5, 'entrada', 'Entrada', 1);
INSERT INTO NonClickableRoom (id, mapIdentification, name, idLanguage) VALUES (6, 'entrar', 'Entrance', 2);
INSERT INTO NonClickableRoom (id, mapIdentification, name, idLanguage) VALUES (7, 'auditorio', 'Auditório', 1);
INSERT INTO NonClickableRoom (id, mapIdentification, name, idLanguage) VALUES (8, 'auditorio', 'Auditorium', 2);
INSERT INTO NonClickableRoom (id, mapIdentification, name, idLanguage) VALUES (9, 'banheiro1', 'Banheiro', 1);
INSERT INTO NonClickableRoom (id, mapIdentification, name, idLanguage) VALUES (10, 'banheiro1', 'Bathroom', 2);
INSERT INTO NonClickableRoom (id, mapIdentification, name, idLanguage) VALUES (11, 'banheiro2', 'Banheiro', 1);
INSERT INTO NonClickableRoom (id, mapIdentification, name, idLanguage) VALUES (12, 'banheiro2', 'Bathroom', 2);
INSERT INTO NonClickableRoom (id, mapIdentification, name, idLanguage) VALUES (13, 'manuntencao', 'Manuntenção', 1);
INSERT INTO NonClickableRoom (id, mapIdentification, name, idLanguage) VALUES (14, 'manuntencao', 'Maintenance', 2);
INSERT INTO NonClickableRoom (id, mapIdentification, name, idLanguage) VALUES (15, 'banheiro3', 'Banheiro', 1);
INSERT INTO NonClickableRoom (id, mapIdentification, name, idLanguage) VALUES (16, 'banheiro3', 'Bathroom', 2);
INSERT INTO NonClickableRoom (id, mapIdentification, name, idLanguage) VALUES (17, 'banheiro4', 'Banheiro', 1);
INSERT INTO NonClickableRoom (id, mapIdentification, name, idLanguage) VALUES (18, 'banheiro4', 'Bathroom', 2);
INSERT INTO NonClickableRoom (id, mapIdentification, name, idLanguage) VALUES (19, 'biblioteca', 'Biblioteca', 1);
INSERT INTO NonClickableRoom (id, mapIdentification, name, idLanguage) VALUES (20, 'biblioteca', 'Library', 2);
INSERT INTO NonClickableRoom (id, mapIdentification, name, idLanguage) VALUES (21, 'acervo', 'Acervo', 1);
INSERT INTO NonClickableRoom (id, mapIdentification, name, idLanguage) VALUES (22, 'acervo', 'Archives', 2);
INSERT INTO NonClickableRoom (id, mapIdentification, name, idLanguage) VALUES (23, 'espacoRecreativo', 'Espaço Recreativo', 1);
INSERT INTO NonClickableRoom (id, mapIdentification, name, idLanguage) VALUES (24, 'espacoRecreativo', 'Recreational Space', 2);
INSERT INTO NonClickableRoom (id, mapIdentification, name, idLanguage) VALUES (25, 'atividadeEducacional1','Atividade Educacional 1',1);
INSERT INTO NonClickableRoom (id, mapIdentification, name, idLanguage) VALUES (26, 'atividadeEducacional1','Educational Activity 1',2);
INSERT INTO NonClickableRoom (id, mapIdentification, name, idLanguage) VALUES (27, 'atividadeEducacional2','Atividade Educacional 2',1);
INSERT INTO NonClickableRoom (id, mapIdentification, name, idLanguage) VALUES (28, 'atividadeEducacional2','Educational Activity 2',2);


INSERT INTO Achievement (id, points, idRoom) VALUES (1, 60, 1);
INSERT INTO Achievement (id, points, idRoom) VALUES (2, 60, 2);
INSERT INTO Achievement (id, points, idRoom) VALUES (3, 150, 3);
INSERT INTO Achievement (id, points, idRoom) VALUES (4, 130, 4);
INSERT INTO Achievement (id, points, idRoom) VALUES (5, 75, 5);
INSERT INTO Achievement (id, points, idRoom) VALUES (6, 75, 6);
INSERT INTO Achievement (id, points, idRoom) VALUES (7, 75, 7);
INSERT INTO Achievement (id, points, idRoom) VALUES (8, 75, 8);
INSERT INTO Achievement (id, points, idRoom) VALUES (9, 75, 9);
INSERT INTO Achievement (id, points, idRoom) VALUES (10, 90, 10);
INSERT INTO Achievement (id, points, idRoom) VALUES (11, 110, 11);
INSERT INTO Achievement (id, points, idRoom) VALUES (12, 100, 12);
INSERT INTO Achievement (id, points, idRoom) VALUES (13, 150, 13);
INSERT INTO Achievement (id, points, idRoom) VALUES (14, 100, 14);
INSERT INTO Achievement (id, points, idRoom) VALUES (15, 150, 15);
INSERT INTO Achievement (id, points, idRoom) VALUES (16, 100, 16);
INSERT INTO Achievement (id, points, idRoom) VALUES (17, 120, 17);

INSERT INTO RoomLanguage (id, idRoom, idLanguage, name, description) VALUES (1,1,1, "Roda D Água", "Dispositivo gerador de energia hidráulica.");
INSERT INTO RoomLanguage (id, idRoom, idLanguage, name, description) VALUES (2,2,1, 'Carroças', 'Veículos antigos para transporte de cargas.');
INSERT INTO RoomLanguage (id, idRoom, idLanguage, name, description) VALUES (3,3,1, 'Hall de Exposições', 'Exposições diversas de Foz do Iguaçu e região');
INSERT INTO RoomLanguage (id, idRoom, idLanguage, name, description) VALUES (4,4,1, 'História da Usina Hidrelétrica', 'Uma breve história da Itaipu');
INSERT INTO RoomLanguage (id, idRoom, idLanguage, name, description) VALUES (5,5,1, "Prensa de Fumo", "Ferramenta antiga para enfardar folhas de fumo");
INSERT INTO RoomLanguage (id, idRoom, idLanguage, name, description) VALUES (6,6,1, 'Moenda de Madeira', 'Moenda com cilindros de madeira para extração de derivados da cana.');
INSERT INTO RoomLanguage (id, idRoom, idLanguage, name, description) VALUES (7,7,1, 'Enterramento', 'Sepultamento de corpos ou ossos em urnas');
INSERT INTO RoomLanguage (id, idRoom, idLanguage, name, description) VALUES (8,8,1, 'Moenda de Pedra', 'Moenda com cilindros de pedra para extração de derivados da cana');
INSERT INTO RoomLanguage (id, idRoom, idLanguage, name, description) VALUES (9,9,1, "Arrado", "Ferramenta antiga para facilitar o preparo da terra.");
INSERT INTO RoomLanguage (id, idRoom, idLanguage, name, description) VALUES (10,10,1, 'Caminhão Sansão', 'Caminhão utilizado na construção da Itaipu.');
INSERT INTO RoomLanguage (id, idRoom, idLanguage, name, description) VALUES (11,11,1, 'Espaço da Evolução', 'Evolução de ferramentas e sociedade');
INSERT INTO RoomLanguage (id, idRoom, idLanguage, name, description) VALUES (12,12,1, 'Espaço das Artes', 'Obras de arte feitas com material sustentável');
INSERT INTO RoomLanguage (id, idRoom, idLanguage, name, description) VALUES (13,13,1, "Sala da Turbina", "Simulação de uma turbina da Itaipu");
INSERT INTO RoomLanguage (id, idRoom, idLanguage, name, description) VALUES (14,14,1, 'Maquete do Relevo da Região', 'Maquete mostrando a região.');
INSERT INTO RoomLanguage (id, idRoom, idLanguage, name, description) VALUES (15,15,1, 'Maior Maquete do Mundo', 'Maior maquete do mundo mostrando toda a area da usina');
INSERT INTO RoomLanguage (id, idRoom, idLanguage, name, description) VALUES (16,16,1, 'Exposição Temporária', 'Exposições que mudam de tempos em tempos.');
INSERT INTO RoomLanguage (id, idRoom, idLanguage, name, description) VALUES (17,17,1, 'Coleções', 'Várias coleções de diversos artefatos');

INSERT INTO RoomLanguage (id, idRoom, idLanguage, name, description) VALUES (20,1,2, "Water Wheel", "Hidraulic power generator.");
INSERT INTO RoomLanguage (id, idRoom, idLanguage, name, description) VALUES (21,2,2, 'Wagons', 'Old vehicles for cargo transportation.');
INSERT INTO RoomLanguage (id, idRoom, idLanguage, name, description) VALUES (22,3,2, 'Expositions Hall', 'Several expositions about Foz do Iguassu and region.');
INSERT INTO RoomLanguage (id, idRoom, idLanguage, name, description) VALUES (23,4,2, 'History of Hydroelectric Plant', 'A brief history about Itaipu.');
INSERT INTO RoomLanguage (id, idRoom, idLanguage, name, description) VALUES (24,5,2, "Tobacco Press", "Old tool for bailing tobacco leaves.");
INSERT INTO RoomLanguage (id, idRoom, idLanguage, name, description) VALUES (25,6,2, 'Milling with Wood Rollers', 'Milling with wood rollers for the extraction of cane derivatives.');
INSERT INTO RoomLanguage (id, idRoom, idLanguage, name, description) VALUES (26,7,2, 'Burial', 'Sepultamento de corpos ou ossos em urnas.');
INSERT INTO RoomLanguage (id, idRoom, idLanguage, name, description) VALUES (27,8,2, 'Milling with Stone Rollers', 'Milling with stone rollers for the extraction of cane derivatives.');
INSERT INTO RoomLanguage (id, idRoom, idLanguage, name, description) VALUES (28,9,2, "Ploughs", "Old tool to facilitate land preparation.");
INSERT INTO RoomLanguage (id, idRoom, idLanguage, name, description) VALUES (29,10,2, 'Sansão Truck', 'Truck used in Itaipu building.');
INSERT INTO RoomLanguage (id, idRoom, idLanguage, name, description) VALUES (30,11,2, 'Evolution Space', 'Evolution of tools and society.');
INSERT INTO RoomLanguage (id, idRoom, idLanguage, name, description) VALUES (31,12,2, 'Art Space', 'Artwork with sustainable materials.');
INSERT INTO RoomLanguage (id, idRoom, idLanguage, name, description) VALUES (32,13,2, "Turbine Room", "Itaipu turbine simulation");
INSERT INTO RoomLanguage (id, idRoom, idLanguage, name, description) VALUES (33,14,2, 'Model of the Region', 'Model of the topography of the region.');
INSERT INTO RoomLanguage (id, idRoom, idLanguage, name, description) VALUES (34,15,2, 'Biggets Maquette of World', 'Biggets maquette of world showing the whole area of Itaipu.');
INSERT INTO RoomLanguage (id, idRoom, idLanguage, name, description) VALUES (35,16,2, 'Temporary Exposition', 'Exhibitions that change from time to time.');
INSERT INTO RoomLanguage (id, idRoom, idLanguage, name, description) VALUES (36,17,2, 'Collections', 'Several collections of various artifacts.');

INSERT INTO Exposition (id, name, description, coverImageSrc, qrCodeLink, idRoomLanguage) VALUES (1, 'Exposição 1-1', 'Essa é a exposição 1-1', 'ecomuseu1', 'expo1sala1',1);
INSERT INTO Exposition (id, name, description, coverImageSrc, qrCodeLink, idRoomLanguage) VALUES (2, 'Exposição 2-1', 'Essa é a exposição 2-1', 'ecomuseu2', 'expo2sala1',1);
INSERT INTO Exposition (id, name, description, coverImageSrc, qrCodeLink, idRoomLanguage) VALUES (3, 'Exposição 3-1', 'Essa é a exposição 3-1', 'ecomuseu3', 'expo3sala1',1);
INSERT INTO Exposition (id, name, description, coverImageSrc, qrCodeLink, idRoomLanguage) VALUES (4, 'Exposição 4-1', 'Essa é a exposição 4-1', 'ecomuseu4', 'expo4sala1',1);
INSERT INTO Exposition (id, name, description, coverImageSrc, qrCodeLink, idRoomLanguage) VALUES (5, 'Exposição 5-1', 'Essa é a exposição 5-1', 'ecomuseu5', 'expo5sala1',1);

INSERT INTO Exposition (id, name, description, coverImageSrc, qrCodeLink, idRoomLanguage) VALUES (6, 'Exposição 1-2', 'Essa é a exposição 1-2', 'ecomuseu1', 'expo1sala2',2);
INSERT INTO Exposition (id, name, description, coverImageSrc, qrCodeLink, idRoomLanguage) VALUES (7, 'Exposição 2-2', 'Essa é a exposição 2-2', 'ecomuseu2', 'expo2sala2',2);

INSERT INTO Exposition (id, name, description, coverImageSrc, qrCodeLink, idRoomLanguage) VALUES (8, 'Exposição 1-3', 'Essa é a exposição 1-3', 'ecomuseu3', 'expo1sala3',3);


INSERT INTO Exposition (id, name, description, coverImageSrc, qrCodeLink, idRoomLanguage) VALUES (9, 'Exposition 1-1', 'This is exposition 1-1', 'ecomuseu1', 'expo1sala1',20);
INSERT INTO Exposition (id, name, description, coverImageSrc, qrCodeLink, idRoomLanguage) VALUES (10, 'Exposition 2-1', 'This is exposition 2-1', 'ecomuseu2', 'expo2sala1',20);
INSERT INTO Exposition (id, name, description, coverImageSrc, qrCodeLink, idRoomLanguage) VALUES (11, 'Exposition 3-1', 'This is exposition 3-1', 'ecomuseu3', 'expo3sala1',20);
INSERT INTO Exposition (id, name, description, coverImageSrc, qrCodeLink, idRoomLanguage) VALUES (12, 'Exposition 4-1', 'This is exposition 4-1', 'ecomuseu4', 'expo4sala1',20);
INSERT INTO Exposition (id, name, description, coverImageSrc, qrCodeLink, idRoomLanguage) VALUES (13, 'Exposition 5-1', 'This is exposition 5-1', 'ecomuseu5', 'expo5sala1',20);

INSERT INTO Exposition (id, name, description, coverImageSrc, qrCodeLink, idRoomLanguage) VALUES (14, 'Exposition 1-2', 'This is exposition 1-2', 'ecomuseu1', 'expo1sala2',21);
INSERT INTO Exposition (id, name, description, coverImageSrc, qrCodeLink, idRoomLanguage) VALUES (15, 'Exposition 2-2', 'This is exposition 2-2', 'ecomuseu2', 'expo2sala2',21);

INSERT INTO Exposition (id, name, description, coverImageSrc, qrCodeLink, idRoomLanguage) VALUES (16, 'Exposition 1-3', 'This is exposition 1-3', 'ecomuseu3', 'expo1sala3',22);

INSERT INTO Panel (id, idExposition) VALUES (1,1);
INSERT INTO Panel (id, idExposition) VALUES (2,2);
INSERT INTO Panel (id, idExposition) VALUES (3,3);
INSERT INTO Panel (id, idExposition) VALUES (4,4);
INSERT INTO Panel (id, idExposition) VALUES (5,5);
INSERT INTO Panel (id, idExposition) VALUES (6,6);
INSERT INTO Panel (id, idExposition) VALUES (7,7);
INSERT INTO Panel (id, idExposition) VALUES (8,8);

INSERT INTO Panel (id, idExposition) VALUES (9,9);
INSERT INTO Panel (id, idExposition) VALUES (10,10);
INSERT INTO Panel (id, idExposition) VALUES (11,11);
INSERT INTO Panel (id, idExposition) VALUES (12,12);
INSERT INTO Panel (id, idExposition) VALUES (13,13);
INSERT INTO Panel (id, idExposition) VALUES (14,14);
INSERT INTO Panel (id, idExposition) VALUES (15,15);
INSERT INTO Panel (id, idExposition) VALUES (16,16);

INSERT INTO Audio (id, source, idPanel) VALUES (1, 'ola', 1);
INSERT INTO Audio (id, source, idPanel) VALUES (2, 'ola', 2);
INSERT INTO Audio (id, source, idPanel) VALUES (3, 'ola', 3);
INSERT INTO Audio (id, source, idPanel) VALUES (4, 'ola', 4);
INSERT INTO Audio (id, source, idPanel) VALUES (5, 'ola', 5);
INSERT INTO Audio (id, source, idPanel) VALUES (6, 'ola', 6);
INSERT INTO Audio (id, source, idPanel) VALUES (7, 'ola', 7);
INSERT INTO Audio (id, source, idPanel) VALUES (8, 'ola', 8);

INSERT INTO Audio (id, source, idPanel) VALUES (9, 'hello', 9);
INSERT INTO Audio (id, source, idPanel) VALUES (10, 'hello', 10);
INSERT INTO Audio (id, source, idPanel) VALUES (11, 'hello', 11);
INSERT INTO Audio (id, source, idPanel) VALUES (12, 'hello', 12);
INSERT INTO Audio (id, source, idPanel) VALUES (13, 'hello', 13);
INSERT INTO Audio (id, source, idPanel) VALUES (14, 'hello', 14);
INSERT INTO Audio (id, source, idPanel) VALUES (15, 'hello', 15);
INSERT INTO Audio (id, source, idPanel) VALUES (16, 'hello', 16);

INSERT INTO Images (id, source) VALUES (1, 'image1');
INSERT INTO Images (id, source) VALUES (2, 'image2');
INSERT INTO Images (id, source) VALUES (3, 'image3');
INSERT INTO Images (id, source) VALUES (4, 'image4');

INSERT INTO PanelImages(idPanel, idImage) VALUES (1,1);
INSERT INTO PanelImages(idPanel, idImage) VALUES (1,2);
INSERT INTO PanelImages(idPanel, idImage) VALUES (1,3);
INSERT INTO PanelImages(idPanel, idImage) VALUES (1,4);
INSERT INTO PanelImages(idPanel, idImage) VALUES (2,1);
INSERT INTO PanelImages(idPanel, idImage) VALUES (2,2);
INSERT INTO PanelImages(idPanel, idImage) VALUES (2,3);
INSERT INTO PanelImages(idPanel, idImage) VALUES (3,1);
INSERT INTO PanelImages(idPanel, idImage) VALUES (3,2);
INSERT INTO PanelImages(idPanel, idImage) VALUES (3,3);
INSERT INTO PanelImages(idPanel, idImage) VALUES (4,1);
INSERT INTO PanelImages(idPanel, idImage) VALUES (4,2);
INSERT INTO PanelImages(idPanel, idImage) VALUES (4,3);
INSERT INTO PanelImages(idPanel, idImage) VALUES (4,4);
INSERT INTO PanelImages(idPanel, idImage) VALUES (5,1);
INSERT INTO PanelImages(idPanel, idImage) VALUES (5,2);
INSERT INTO PanelImages(idPanel, idImage) VALUES (5,3);
INSERT INTO PanelImages(idPanel, idImage) VALUES (6,1);
INSERT INTO PanelImages(idPanel, idImage) VALUES (7,1);
INSERT INTO PanelImages(idPanel, idImage) VALUES (7,2);
INSERT INTO PanelImages(idPanel, idImage) VALUES (8,1);
INSERT INTO PanelImages(idPanel, idImage) VALUES (8,2);
INSERT INTO PanelImages(idPanel, idImage) VALUES (8,3);
INSERT INTO PanelImages(idPanel, idImage) VALUES (8,4);

INSERT INTO PanelImages(idPanel, idImage) VALUES (9,1);
INSERT INTO PanelImages(idPanel, idImage) VALUES (9,2);
INSERT INTO PanelImages(idPanel, idImage) VALUES (9,3);
INSERT INTO PanelImages(idPanel, idImage) VALUES (9,4);
INSERT INTO PanelImages(idPanel, idImage) VALUES (10,1);
INSERT INTO PanelImages(idPanel, idImage) VALUES (10,2);
INSERT INTO PanelImages(idPanel, idImage) VALUES (10,3);
INSERT INTO PanelImages(idPanel, idImage) VALUES (11,4);
INSERT INTO PanelImages(idPanel, idImage) VALUES (11,1);
INSERT INTO PanelImages(idPanel, idImage) VALUES (11,2);
INSERT INTO PanelImages(idPanel, idImage) VALUES (12,1);
INSERT INTO PanelImages(idPanel, idImage) VALUES (12,2);
INSERT INTO PanelImages(idPanel, idImage) VALUES (12,3);
INSERT INTO PanelImages(idPanel, idImage) VALUES (12,4);
INSERT INTO PanelImages(idPanel, idImage) VALUES (13,1);
INSERT INTO PanelImages(idPanel, idImage) VALUES (13,2);
INSERT INTO PanelImages(idPanel, idImage) VALUES (13,3);
INSERT INTO PanelImages(idPanel, idImage) VALUES (14,1);
INSERT INTO PanelImages(idPanel, idImage) VALUES (15,1);
INSERT INTO PanelImages(idPanel, idImage) VALUES (15,2);
INSERT INTO PanelImages(idPanel, idImage) VALUES (16,1);
INSERT INTO PanelImages(idPanel, idImage) VALUES (16,2);
INSERT INTO PanelImages(idPanel, idImage) VALUES (16,3);
INSERT INTO PanelImages(idPanel, idImage) VALUES (16,4);

INSERT INTO Text (id, text) VALUES (1, "Teste 1 Teste 1 Teste 1 Teste 1 Teste 1 Teste 1 Teste 1 Teste 1 Teste 1 Teste 1 Teste 1 Teste 1 Teste 1 Teste 1 Teste 1 Teste 1 Teste 1 Teste 1 Teste 1 Teste 1 Teste 1 Teste 1 Teste 1 Teste 1 Teste 1 Teste 1 Teste 1 Teste 1 Teste 1 Teste 1 Teste 1 Teste 1 Teste 1 Teste 1 Teste 1 Teste 1 Teste 1 Teste 1 Teste 1 Teste 1 Teste 1 Teste 1 Teste 1 Teste 1");
INSERT INTO Text (id, text) VALUES (2, "Teste 2 Teste 2 Teste 2 Teste 2 Teste 2 Teste 2 Teste 2 Teste 2 Teste 2 Teste 2 Teste 2 Teste 2 Teste 2 Teste 2 Teste 2 Teste 2 Teste 2 Teste 2 Teste 2 Teste 2 Teste 2 Teste 2 Teste 2 Teste 2 Teste 2 Teste 2 Teste 2 Teste 2 Teste 2 Teste 2 Teste 2 Teste 2 Teste 2 Teste 2 Teste 2 Teste 2 Teste 2 Teste 2 Teste 2 Teste 2 Teste 2 Teste 2 Teste 2 Teste 2 Teste 2 Teste 2");
INSERT INTO Text (id, text) VALUES (3, "Teste 3 Teste 3 Teste 3 Teste 3 Teste 3 Teste 3 Teste 3 Teste 3 Teste 3 Teste 3 Teste 3 Teste 3 Teste 3 Teste 3 Teste 3 Teste 3 Teste 3 Teste 3 Teste 3 Teste 3 Teste 3 Teste 3 Teste 3 Teste 3 Teste 3 Teste 3 Teste 3 Teste 3 Teste 3 Teste 3 Teste 3 Teste 3 Teste 3 Teste 3");
INSERT INTO Text (id, text) VALUES (4, "Teste 4 Teste 4 Teste 4 Teste 4 Teste 4 Teste 4 Teste 4 Teste 4 Teste 4 Teste 4 Teste 4 Teste 4 Teste 4 Teste 4 Teste 4 Teste 4 Teste 4 Teste 4 Teste 4 Teste 4 Teste 4 Teste 4 Teste 4 Teste 4 Teste 4 Teste 4 Teste 4 Teste 4 Teste 4 Teste 4 Teste 4 Teste 4 Teste 4 Teste 4 Teste 4 Teste 4 Teste 4 Teste 4 Teste 4 Teste 4 Teste 4 Teste 4");
INSERT INTO Text (id, text) VALUES (5, "Teste 5 Teste 5 Teste 5 Teste 5 Teste 5 Teste 5 Teste 5 Teste 5 Teste 5 Teste 5 Teste 5 Teste 5 Teste 5 Teste 5 Teste 5 Teste 5 Teste 5 Teste 5 Teste 5 Teste 5 Teste 5 Teste 5 Teste 5 Teste 5 Teste 5 Teste 5 Teste 5 Teste 5 Teste 5 Teste 5 Teste 5 Teste 5 Teste 5 Teste 5 Teste 5 Teste 5 Teste 5 Teste 5 Teste 5 Teste 5 Teste 5 Teste 5 Teste 5 Teste 5 Teste 5 Teste 5 Teste 5 Teste 5 Teste 5 Teste 5 Teste 5 Teste 5 Teste 5 Teste 5 Teste 5 Teste 5 Teste 5 Teste 5 Teste 5 Teste 5 Teste 5 Teste 5 Teste 5 Teste 5 Teste 5 Teste 5 Teste 5 Teste 5 Teste 5 Teste 5 Teste 5 Teste 5 Teste 5 Teste 5 Teste 5 Teste 5 Teste 5 Teste 5 Teste 5");
INSERT INTO Text (id, text) VALUES (6, "Teste 6 Teste 6 Teste 6 Teste 6 Teste 6 Teste 6 Teste 6 Teste 6 Teste 6 Teste 6 Teste 6 Teste 6 Teste 6 Teste 6 Teste 6 Teste 6 Teste 6 Teste 6 Teste 6 Teste 6 Teste 6 Teste 6 Teste 6 Teste 6 Teste 6 Teste 6 Teste 6 Teste 6 Teste 6 Teste 6 Teste 6 Teste 6 Teste 6 Teste 6 Teste 6 Teste 6 Teste 6 Teste 6 Teste 6 Teste 6 Teste 6 Teste 6 Teste 6 Teste 6 Teste 6 Teste 6 Teste 6 Teste 6 Teste 6 Teste 6 Teste 6 Teste 6 Teste 6 Teste 6 Teste 6 Teste 6 Teste 6 Teste 6 Teste 6 Teste 6 Teste 6 Teste 6 Teste 6 Teste 6 Teste 6 Teste 6 Teste 6 Teste 6 Teste 6 Teste 6 Teste 6 Teste 6 Teste 6 Teste 6 Teste 6 Teste 6 Teste 6 Teste 6 Teste 6 Teste 6 Teste 6 Teste 6 Teste 6 Teste 6 Teste 6 Teste 6 Teste 6");

INSERT INTO Text (id, text) VALUES (7, "Test 1 Test 1 Test 1 Test 1 Test 1 Test 1 Test 1 Test 1 Test 1 Test 1 Test 1 Test 1 Test 1 Test 1 Test 1 Test 1 Test 1 Test 1 Test 1 Test 1 Test 1 Test 1 Test 1 Test 1 Test 1 Test 1 Test 1 Test 1 Test 1 Test 1 Test 1 Test 1 Test 1 Test 1 Test 1 Test 1 Test 1 Test 1 Test 1 Test 1 Test 1 Test 1 Test 1 Test 1");
INSERT INTO Text (id, text) VALUES (8, "Test 2 Test 2 Test 2 Test 2 Test 2 Test 2 Test 2 Test 2 Test 2 Test 2 Test 2 Test 2 Test 2 Test 2 Test 2 Test 2 Test 2 Test 2 Test 2 Test 2 Test 2 Test 2 Test 2 Test 2 Test 2 Test 2 Test 2 Test 2 Test 2 Test 2 Test 2 Test 2 Test 2 Test 2 Test 2 Test 2 Test 2 Test 2 Test 2 Test 2 Test 2 Test 2 Test 2 Test 2 Test 2 Test 2");
INSERT INTO Text (id, text) VALUES (9, "Test 3 Test 3 Test 3 Test 3 Test 3 Test 3 Test 3 Test 3 Test 3 Test 3 Test 3 Test 3 Test 3 Test 3 Test 3 Test 3 Test 3 Test 3 Test 3 Test 3 Test 3 Test 3 Test 3 Test 3 Test 3 Test 3 Test 3 Test 3 Test 3 Test 3 Test 3 Test 3 Test 3 Test 3");
INSERT INTO Text (id, text) VALUES (10, "Test 4 Test 4 Test 4 Test 4 Test 4 Test 4 Test 4 Test 4 Test 4 Test 4 Test 4 Test 4 Test 4 Test 4 Test 4 Test 4 Test 4 Test 4 Test 4 Test 4 Test 4 Test 4 Test 4 Test 4 Test 4 Test 4 Test 4 Test 4 Test 4 Test 4 Test 4 Test 4 Test 4 Test 4 Test 4 Test 4 Test 4 Test 4 Test 4 Test 4 Test 4 Test 4");
INSERT INTO Text (id, text) VALUES (11, "Test 5 Test 5 Test 5 Test 5 Test 5 Test 5 Test 5 Test 5 Test 5 Test 5 Test 5 Test 5 Test 5 Test 5 Test 5 Test 5 Test 5 Test 5 Test 5 Test 5 Test 5 Test 5 Test 5 Test 5 Test 5 Test 5 Test 5 Test 5 Test 5 Test 5 Test 5 Test 5 Test 5 Test 5 Test 5 Test 5 Test 5 Test 5 Test 5 Test 5 Test 5 Test 5 Test 5 Test 5 Test 5 Test 5 Test 5 Test 5 Test 5 Test 5 Test 5 Test 5 Test 5 Test 5 Test 5 Test 5 Test 5 Test 5 Test 5 Test 5 Test 5 Test 5 Test 5 Test 5 Test 5 Test 5 Test 5 Test 5 Test 5 Test 5 Test 5 Test 5 Test 5 Test 5 Test 5 Test 5 Test 5 Test 5 Test 5");
INSERT INTO Text (id, text) VALUES (12, "Test 6 Test 6 Test 6 Test 6 Test 6 Test 6 Test 6 Test 6 Test 6 Test 6 Test 6 Test 6 Test 6 Test 6 Test 6 Test 6 Test 6 Test 6 Test 6 Test 6 Test 6 Test 6 Test 6 Test 6 Test 6 Test 6 Test 6 Test 6 Test 6 Test 6 Test 6 Test 6 Test 6 Test 6 Test 6 Test 6 Test 6 Test 6 Test 6 Test 6 Test 6 Test 6 Test 6 Test 6 Test 6 Test 6 Test 6 Test 6 Test 6 Test 6 Test 6 Test 6 Test 6 Test 6 Test 6 Test 6 Test 6 Test 6 Test 6 Test 6 Test 6 Test 6 Test 6 Test 6 Test 6 Test 6 Test 6 Test 6 Test 6 Test 6 Test 6 Test 6 Test 6 Test 6 Test 6 Test 6 Test 6 Test 6 Test 6 Test 6 Test 6 Test 6 Test 6 Test 6 Test 6 Test 6 Test 6");


INSERT INTO Paragraph (idText, idPanel) VALUES (1,1);
INSERT INTO Paragraph (idText, idPanel) VALUES (2,1);
INSERT INTO Paragraph (idText, idPanel) VALUES (3,1);
INSERT INTO Paragraph (idText, idPanel) VALUES (4,2);
INSERT INTO Paragraph (idText, idPanel) VALUES (5,2);
INSERT INTO Paragraph (idText, idPanel) VALUES (6,2);
INSERT INTO Paragraph (idText, idPanel) VALUES (1,3);
INSERT INTO Paragraph (idText, idPanel) VALUES (3,3);
INSERT INTO Paragraph (idText, idPanel) VALUES (6,3);
INSERT INTO Paragraph (idText, idPanel) VALUES (2,4);
INSERT INTO Paragraph (idText, idPanel) VALUES (4,4);
INSERT INTO Paragraph (idText, idPanel) VALUES (6,4);
INSERT INTO Paragraph (idText, idPanel) VALUES (1,5);
INSERT INTO Paragraph (idText, idPanel) VALUES (2,5);
INSERT INTO Paragraph (idText, idPanel) VALUES (5,5);
INSERT INTO Paragraph (idText, idPanel) VALUES (6,5);
INSERT INTO Paragraph (idText, idPanel) VALUES (3,6);
INSERT INTO Paragraph (idText, idPanel) VALUES (4,6);
INSERT INTO Paragraph (idText, idPanel) VALUES (1,7);
INSERT INTO Paragraph (idText, idPanel) VALUES (6,7);
INSERT INTO Paragraph (idText, idPanel) VALUES (2,8);
INSERT INTO Paragraph (idText, idPanel) VALUES (4,8);
INSERT INTO Paragraph (idText, idPanel) VALUES (5,8);

INSERT INTO Paragraph (idText, idPanel) VALUES (7,9);
INSERT INTO Paragraph (idText, idPanel) VALUES (8,9);
INSERT INTO Paragraph (idText, idPanel) VALUES (9,9);
INSERT INTO Paragraph (idText, idPanel) VALUES (10,10);
INSERT INTO Paragraph (idText, idPanel) VALUES (11,10);
INSERT INTO Paragraph (idText, idPanel) VALUES (12,10);
INSERT INTO Paragraph (idText, idPanel) VALUES (7,11);
INSERT INTO Paragraph (idText, idPanel) VALUES (9,11);
INSERT INTO Paragraph (idText, idPanel) VALUES (12,11);
INSERT INTO Paragraph (idText, idPanel) VALUES (8,12);
INSERT INTO Paragraph (idText, idPanel) VALUES (10,12);
INSERT INTO Paragraph (idText, idPanel) VALUES (12,12);
INSERT INTO Paragraph (idText, idPanel) VALUES (7,13);
INSERT INTO Paragraph (idText, idPanel) VALUES (8,13);
INSERT INTO Paragraph (idText, idPanel) VALUES (11,13);
INSERT INTO Paragraph (idText, idPanel) VALUES (12,13);
INSERT INTO Paragraph (idText, idPanel) VALUES (9,14);
INSERT INTO Paragraph (idText, idPanel) VALUES (10,14);
INSERT INTO Paragraph (idText, idPanel) VALUES (7,15);
INSERT INTO Paragraph (idText, idPanel) VALUES (12,15);
INSERT INTO Paragraph (idText, idPanel) VALUES (8,16);
INSERT INTO Paragraph (idText, idPanel) VALUES (10,16);
INSERT INTO Paragraph (idText, idPanel) VALUES (11,16);

